{
  "Logistic Regression": {
    "accuracy": 0.799,
    "macro_f1": 0.7962551654214439,
    "macro_precision": 0.7979465264659646,
    "macro_recall": 0.7949285714285713,
    "roc_auc": 0.9356183528693528,
    "cv_f1_mean": 0.8009316718855409,
    "cv_f1_std": 0.011690541626331407
  },
  "SVM (RBF)": {
    "accuracy": 0.785,
    "macro_f1": 0.7833383608865422,
    "macro_precision": 0.7904992545802686,
    "macro_recall": 0.7789761904761905,
    "roc_auc": 0.9275155885225885,
    "cv_f1_mean": 0.7941226196341395,
    "cv_f1_std": 0.011198473044930228
  },
  "Random Forest": {
    "accuracy": 0.795,
    "macro_f1": 0.7952873072233168,
    "macro_precision": 0.801830130468125,
    "macro_recall": 0.7911666666666667,
    "roc_auc": 0.9287208406593406,
    "cv_f1_mean": 0.795878237127416,
    "cv_f1_std": 0.008109252311951662
  },
  "Naive Bayes": {
    "accuracy": 0.785,
    "macro_f1": 0.7865569148889605,
    "macro_precision": 0.7957917724664135,
    "macro_recall": 0.7845238095238095,
    "roc_auc": 0.9249170250305251,
    "cv_f1_mean": 0.7879699649253238,
    "cv_f1_std": 0.008361140070737174
  }
}